horizon,Model,Escalation Only,With PITF Predictors,Weighted by PITF,PITF Split Population,PITF Only
1 month,Base specification,0.052069818421722425,-0.029595506516973624,3.1745466086097185e-4,0.061312560857488485,0.025034020171733617
6 months,Base specification,0.057888286597831407,-0.008409816841495665,-0.003976418233615053,0.010912847497672296,-0.001166503141015074
