horizon,Model,Escalation Only,With PITF Predictors,Weighted by PITF,PITF Split Population,PITF Only
1 month,Base specification,0.7453799467129736,0.7715680516186146,0.7798547800846123,0.7520025196421427,0.7464610093890719
6 months,Base specification,0.7616517857142856,0.8606473214285715,0.7989955357142857,0.7752008928571429,0.7400669642857143
