horizon,Model,Escalation Only,With PITF Predictors,Weighted by PITF,PITF Split Population,PITF Only
1 month,Base specification,0.7437030227193407,0.7793951156396571,0.7792759433761502,0.7981434663806533,0.75304102079556
6 months,Base specification,0.7610267857142857,0.8613169642857142,0.7977455357142857,0.7712946428571429,0.74015625
