horizon,Model,Escalation Only,With PITF Predictors,Weighted by PITF,PITF Split Population,PITF Only
1 month,Base specification,0.05258862867019565,-0.0317982113191112,1.569091877300366e-4,-0.015915847604507816,0.023118903075772024
6 months,Base specification,0.05655048163141041,-0.0082332082572667,-0.004035244335594879,0.008839969895082067,-9.367794888575087e-4
