horizon,Model,Escalation Only,With PITF Predictors,Weighted by PITF,PITF Split Population,PITF Only
1 month,Base specification,0.691760146848868,0.7137262900265143,0.6901692841117684,0.7122578013461146,0.6549765449724658
6 months,Base specification,0.7920818038804405,0.8682485579444154,0.7955886208704772,0.6898925013109596,0.7049029889879391
