horizon,Model,Escalation Only,With PITF Predictors,Weighted by PITF,PITF Split Population,PITF Only
1 month,Base specification,0.7438592792922637,0.6831620171124613,0.6902242149189151,0.79730055051909,0.6885482320580278
6 months,Base specification,0.8486322855118509,0.8623750770075471,0.7916844724971267,0.6995845949606301,0.7054738130648919
