horizon,Model,Escalation Only,With PITF Predictors,Weighted by PITF,PITF Split Population,PITF Only
1 month,Base specification,0.8084674411465669,0.7603142232634478,0.7836262144921303,0.8140368471024045,0.7595674109914216
6 months,Base specification,0.8198973810937219,0.8527910636957795,0.7983312798329347,0.7745057600250099,0.7408625593543751
