horizon,Model,Escalation Only,With PITF Predictors,Weighted by PITF,PITF Split Population,PITF Only
1 month,Base specification,0.7438299652705904,0.6841307835095407,0.6904867387726293,0.7735703622036031,0.6800105651441994
6 months,Base specification,0.8499700904782719,0.8598387411029197,0.7916122026368622,0.7008053488086319,0.703736485846924
