horizon,Model,Escalation Only,With PITF Predictors,Weighted by PITF,PITF Split Population,PITF Only
1 month,Base specification,0.05875802035734046,-0.008161620603102882,0.005669562877407164,0.006771593289262801,0.012089332317519963
6 months,Base specification,0.0599286112342029,-0.008220151321748692,-6.285892445280217e-4,-2.274225494561799e-4,5.543809980772529e-4
