horizon,Model,Escalation Only,With PITF Predictors,Weighted by PITF,PITF Split Population,PITF Only
1 month,Base specification,0.7451841637086408,0.781897733173302,0.780008001566264,0.7978114865037411,0.7441967363824408
6 months,Base specification,0.7620089285714285,0.8588169642857143,0.7994419642857142,0.7753348214285715,0.74703125
