horizon,Model,Escalation Only,With PITF Predictors,Weighted by PITF,PITF Split Population,PITF Only
1 month,Base specification,0.8482233249776934,0.7653967694991353,0.7970083235631483,0.8071018957709586,0.7621016308572113
6 months,Base specification,0.8225191375930867,0.8516414690799416,0.8072307677408042,0.7822546113093136,0.7439622753014443
