horizon,Model,Escalation Only,With PITF Predictors,Weighted by PITF,PITF Split Population,PITF Only
1 month,Base specification,0.8039421840659813,0.7737361125701991,0.7856775644436712,0.8045830797930039,0.7562860686999607
6 months,Base specification,0.8219375398056314,0.8505968129639656,0.7988133750411862,0.7751073988791153,0.7475856309980773
