horizon,Model,Escalation Only,With PITF Predictors,Weighted by PITF,PITF Split Population,PITF Only
1 month,Base specification,0.8457662608035581,0.7699997162655362,0.796313435683251,0.7583843608315652,0.7582043974287009
6 months,Base specification,0.8235480952896884,0.8526835725191002,0.8065863551432201,0.7339516666637129,0.7453531976901745
