horizon,Model,Escalation Only,With PITF Predictors,Weighted by PITF,PITF Split Population,PITF Only
1 month,Base specification,0.7842522186265362,0.7756309481549098,0.7953632984116256,0.7938579946660314,0.7490803150383922
6 months,Base specification,0.7712024705655279,0.8602706299911269,0.8080895687140267,0.7832464775139935,0.7443680709534368
