horizon,Model,Escalation Only,With PITF Predictors,Weighted by PITF,PITF Split Population,PITF Only
1 month,Base specification,0.7836102893975793,0.7742279020234292,0.7953835755322745,0.7504847558352691,0.759540445563703
6 months,Base specification,0.7711638679791546,0.8607142857142858,0.8074193802728061,0.727649667405765,0.7458758314855876
