horizon,Model,Escalation Only,With PITF Predictors,Weighted by PITF,PITF Split Population,PITF Only
1 month,Base specification,0.0585515328383881,-0.009522197693698664,0.005673203720143127,0.0073219965752086,0.011803275959051174
6 months,Base specification,0.05849153431443854,-0.008931094060573574,-8.264615756871097e-4,-1.2530873896809958e-4,-0.001020464503160734
