horizon,Model,Escalation Only,With PITF Predictors,Weighted by PITF,PITF Split Population,PITF Only
1 month,Base specification,0.7510065800114065,0.7761859768295071,0.7815146794691726,0.8486767622598466,0.7477974412012564
6 months,Base specification,0.7613392857142857,0.8603348214285714,0.7981026785714286,0.7733705357142857,0.7423883928571429
