"","escalation","with_PITF","weighted_PITF","split_PITF","PITF"
"base",0.85252962383168,0.777430368242179,0.526622810915595,0.83925327610495,0.761815806009411
