"","escalation","with_PITF","weighted_PITF","split_PITF","PITF"
"base",0.823505161042744,0.855010692820065,0.5164430244144,0.826624671895968,0.74122914384014
